token,first_token_count
cavo,486
bretella,370
next,149
patch,148
axis,144
sw,139
2,133
power,124
trend,120
1,112
pannello,102
cable,99
staffa,96
intel,92
adattatore,90
nexus,89
ucs,84
monitor,83
modulo,82
aff,77
smart,73
802,73
supporto,73
apex,72
deep,71
alimentatore,69
cloud,67
rack,60
armadio,58
hegel,57
om4,52
imagicle,52
presa,51
sfp,47
galaxy,43
usb,42
vsp,42
logitech,41
batteria,41
premium,40
manutenzione,39
scheda,39
10gbase,38
4,37
pigtail,37
q,36
c9300,36
drive,36
quantum,35
box,34
webex,34
sensore,34
iphone,33
base,32
valvola,32
orca,32
2n,32
vision,31
apple,31
contatto,31
mors,31
harmony,31
lettore,30
ac,30
asa,30
network,30
microfono,29
ssd,29
pulsante,29
10,29
5,28
thinman,28
3,28
spina,28
ripiano,28
netshelter,28
materiale,26
trasmettitore,26
on,26
standard,26
ie,26
rilevatore,25
poly,25
startech,25
ta,25
amplificatore,25
40gbase,25
mds,25
basic,25
bussola,24
memory,24
telecamera,24
estensione,24
inserto,24
diffusore,24
1000base,24
hdmi,24
sirena,24
worry,23
switch,23
int,23
set,23
mobile,23
convertitore,23
remote,23
c9500,23
scatola,23
cat,23
procurve,23
cassetto,23
sonda,23
attuatore,22
cab,22
nu,22
yamaha,22
servizio,22
unit,22
easy,22
mini,21
endpoint,21
connettore,21
8,21
hd,21
documents,21
wall,21
16gb,20
no,20
tubo,19
enterprise,19
dsk,19
rivelatore,19
essential,19
fas2720,19
p31,19
placca,19
high,18
interfaccia,18
piastra,18
quadro,18
data,18
fascetta,18
rj45,18
32gb,18
peerless,17
extender,17
netbotz,17
prolunga,17
gruppo,17
nastro,17
borsa,16
64gb,16
ceiling,16
qsfp,16
balzac,16
single,16
sid,16
contenitore,16
sp,16
saas,16
advanced,16
room,16
griglia,15
coppia,15
audio,15
disk,15
sistema,15
uc,15
lg,15
net,15
touch,15
1gb,15
scat,15
100gbase,15
25gbase,15
txone,15
capicorda,15
fs17,15
gateway,14
husky,14
headset,14
kingston,14
lc,14
fusibile,14
os,14
quad,14
centrale,14
unified,14
inrow,14
expressway,14
supportedge,14
ego,14
security,14
panasonic,13
one,13
cee,13
16,13
plug,13
cabinet,13
dk,13
raspberry,13
32,13
thinkpad,13
barra,13
carbon,13
ip,13
included,13
tastiera,13
carrello,13
pressacavo,13
interruttore,13
industrial,13
12,12
multi,12
zoccolo,12
ventilatore,12
rail,12
pro,12
wireless,12
enable,12
canalina,12
start,12
knx,12
copper,12
ricevitore,12
conf,12
1u,12
morsettiera,12
smartevent,12
din,11
trade,11
indoor,11
cassetta,11
led,11
sandisk,11
cassa,11
replacement,11
fas2750,11
ts,11
vulnerability,11
st,11
surface,11
hdd,11
pinza,11
mouse,11
xprotect,11
jack,11
scanmail,10
collare,10
4gb,10
compact,10
hyperflex,10
maestro,10
aironet,10
fiber,10
frutto,10
n,10
solution,10
dm,10
ccx,10
bracket,10
splitter,10
19,10
prestazione,10
notebook,10
commvault,10
sk,10
outdoor,10
spare,10
wyrestorm,10
sql,10
category,10
tlc,10
isr,10
universal,10
singlemode,9
7,9
forticlient,9
racc,9
fortianalyzer,9
v,9
big,9
ise,9
dna,9
fiberx,9
light,9
rsa,9
web,9
two,9
pc,9
unita,9
chiavetta,9
winsvrstdcore,9
console,9
cmc,9
50,9
appc,9
morsetto,9
tp,9
cu,9
mounting,9
top,9
dahua,9
ecostruxure,9
exchange,9
50cm,9
hamlet,9
scheduled,9
npc,9
sezionamento,9
nexsus,9
day,9
mixer,9
controllore,9
1y,9
ram,9
bcm,9
cover,9
ipad,9
maintenance,8
dual,8
riv,8
professional,8
additional,8
micro,8
zebra,8
tavolo,8
itb,8
euromet,8
nic,8
video,8
adattatori,8
autocad,8
u,8
8gb,8
24,8
threat,8
digitus,8
lindy,8
proiettore,8
ekahau,8
ic60h,8
asr,8
2gb,8
encoder,8
fas2720a,8
trendmicro,8
regolatore,8
bretelle,8
door,8
acc,8
smartx,8
sony,8
rackmount,8
55,8
factory,8
chiave,8
c2g,8
securid,8
passerella,8
trasformatore,8
uhd,8
combinatore,8
tappo,8
vertical,8
presentation,8
device,8
pozzetto,8
ips,7
pwr,7
amazon,7
blank,7
purelink,7
3com,7
poe,7
mcafee,7
access,7
nvidia,7
240gb,7
infinity,7
hub,7
booster,7
performance,7
l,7
winsvrdccore,7
switcher,7
cloudguard,7
spark,7
assembly,7
processore,7
telo,7
stampante,7
not,7
tattile,7
in,7
centralina,7
apic,7
supermicro,7
epson,7
ic60n,7
obsoleto,7
k,7
batterie,7
striscia,7
battery,7
helios,7
interscan,7
cuffia,7
contabilizzatore,7
hw,7
sandbox,7
om5,7
termostato,7
g2,7
mensola,7
multimetro,7
decoder,7
prime,7
ethernet,7
centralino,7
cornice,7
48,7
c220,7
arakno,7
can,7
vassoio,7
annual,7
io,7
full,7
amp,7
broadcom,7
sdoppiatore,6
extended,6
confezione,6
ups,6
ventola,6
1m,6
quickvigi,6
sens,6
unity,6
650w,6
600w,6
product,6
cat6,6
4400,6
c9200l,6
patchcord,6
ottica,6
server,6
systimax,6
pdu,6
winrmtdsktpsrvcscal,6
profilo,6
extension,6
allot,6
subwoofer,6
array,6
c240,6
plus,6
assistenza,6
active,6
es,6
asr1k,6
other,6
piantana,6
100g,6
flip,6
ascom,6
715w,6
pix,6
proliant,6
bosch,6
lamp,6
pw,6
rele,6
vaio,6
flex,6
serverprotect,6
slide,6
etichette,6
neutrik,6
supp,6
struttura,6
neen,6
fibra,6
c,6
solo,6
costo,6
n2k,6
microbattery,6
multifunzione,6
office,6
h410s,6
xenta,6
guaina,6
lcd,6
custodia,6
brady,6
mezzanine,6
fortimanager,6
powersoft,6
startup,6
sx,6
misuratore,6
three,6
analizzatore,6
antenna,6
deployment,6
tx6,6
sg,5
caricatore,5
netconnect,5
cavi,5
philips,5
huddly,5
a,5
wtd,5
win,5
hyperpod,5
sennheiser,5
ge,5
3y,5
25,5
cerchio,5
350w,5
raccordo,5
display,5
1550,5
qsfp28,5
bose,5
varta,5
4hr,5
1ge,5
multipresa,5
aci,5
production,5
sandblast,5
strip,5
pareti,5
memoria,5
umbrella,5
direct,5
storagegrid,5
patchsee,5
global,5
5100,5
canone,5
tettuccio,5
1yr,5
chassis,5
behringer,5
patchclip,5
amazonbasics,5
convert,5
spinner,5
fixed,5
accessorio,5
attivita,5
omniclass,5
horizontal,5
media,5
cruzer,5
id,5
camera,5
business,5
ap,5
elettroserratura,5
tms,5
hic,5
controller,5
125w,5
badge,5
seagate,5
cube,5
2504,5
blackmagic,5
zone,5
lampada,5
shure,5
20,5
router,5
10g,5
telepresence,5
enhanced,5
central,5
wd,5
ms,5
barriera,5
spese,5
ubiquiti,5
espansione,5
elemento,5
scrivania,5
copriforo,5
moduli,5
ewent,5
addon,5
sc,5
4k,5
pa,5
sti,5
enclosure,5
encl,5
extra,5
blocco,5
matrice,5
512mb,5
veriton,5
s,5
f,5
vostro,5
accessori,5
est,5
300gb,5
europe,5
ds100,5
tester,5
nx,5
lifesize,5
speaker,5
rel,4
hid,4
technical,4
tv,4
tesira,4
quotazione,4
ucp,4
modular,4
cat3560,4
custom,4
te,4
storage,4
iolan,4
lettori,4
canale,4
hci,4
opticom,4
dsp,4
customer,4
1800,4
conductor,4
toner,4
wyr,4
lic,4
tenant,4
wi,4
gigaspeed,4
tubetto,4
coperchio,4
r6404s,4
sqlcal,4
mod,4
hue,4
asus,4
upass,4
25mm,4
aa,4
inline,4
resistenza,4
sharefile,4
matassa,4
nvme,4
noleggio,4
success,4
accoppiatore,4
lorawan,4
erogatore,4
pt,4
770w,4
auricolare,4
clickshare,4
trasf,4
apart,4
colonna,4
schneider,4
elematic,4
ct,4
microchip,4
e2,4
erard,4
planet,4
carica,4
ip30,4
frame,4
nas,4
3m,4
daas,4
accumulatore,4
ghiere,4
csr,4
cuffie,4
reversible,4
crucial,4
os1,4
anyconnect,4
piano,4
tannoy,4
desk,4
staffe,4
canalis,4
illuminatore,4
ie2000,4
pci,4
gn,4
alteon,4
powertag,4
fas2240,4
electronic,4
teraspeed,4
cpap,4
soluzione,4
csa,4
consolle,4
64,4
128,4
fg16or16,4
fortiswitch,4
cont,4
magnetic,4
65,4
2x,4
virtual,4
post,4
android,4
edge,4
montanti,4
cat6a,4
h410c,4
rs,4
materiali,4
imc,4
modifiche,4
cacciavite,4
ucsx,4
utax,4
5x8,4
subscription,4
h,4
serratura,4
fabric,4
sqlsvrstdcore,4
palo,4
renewal,4
10ge,4
ripetitore,4
dicentis,4
rinn,4
dl380g5,4
anti,4
warranty,4
fraud,4
jumper,4
cp,4
precisionhd,4
opt,4
360,4
minrray,4
pressostato,4
xovis,4
43,4
cat2960,4
trnk,4
flat,4
alimentazione,4
fo,4
manicotto,4
oneu,4
accessory,4
1100w,4
1000mbps,4
forbici,4
etichettatrice,4
bobina,4
common,4
1kw,4
dxi4700,4
grabber,4
dispositivo,4
carta,4
pir,4
porta,4
alimentatori,4
ptz,4
opzione,4
9,4
mtp,4
prodvx,4
fk,4
fujitsu,4
caricabatterie,4
fas2820,4
platform,4
braccio,4
bticino,4
avvisatore,4
thon,4
250w,4
compnode,4
controllo,4
phishing,4
interrutore,3
vive,3
catalyst2960,3
air,3
aisle,3
dn471b,3
dcn,3
meetings,3
emergency,3
condizionatore,3
netman,3
condenser,3
blanking,3
acer,3
2500w,3
ultra,3
touchpanel,3
netgear,3
woltman,3
real,3
afa,3
vigi,3
heat,3
thousandeyes,3
collaboration,3
micromodule,3
shared,3
ball,3
stereo,3
unknown,3
auto,3
bezel,3
messaging,3
webcam,3
au,3
automation,3
doppia,3
compute,3
master,3
multiband,3
antinc,3
flangia,3
nk,3
ds201,3
lte,3
12mo,3
eve,3
partecipazione,3
pig,3
frigorifero,3
fortiauthenticator,3
ind,3
fap,3
fortiap,3
fas2552,3
velcro,3
gel,3
omniprox,3
scaricatore,3
cucm,3
mfe,3
totem,3
pr,3
1g,3
microsemi,3
install,3
svcs,3
50w,3
panorama,3
lampade,3
toshiba,3
pila,3
e2800a,3
modero,3
control,3
fas2750a,3
small,3
smartstruxure,3
supporti,3
western,3
primary,3
spirale,3
taz,3
riser,3
eco,3
giornata,3
ie3100,3
cass,3
impianti,3
forbice,3
schermo,3
order,3
100base,3
ingresso,3
firepower,3
fortiguard,3
fortigaterugged,3
fortiextender,3
18,3
installazione,3
5g,3
fro,3
airconsole,3
tag,3
l2,3
calza,3
primergy,3
guida,3
15,3
sx20,3
tpm,3
reinstatement,3
piattina,3
lan,3
mic,3
sx10,3
alim,3
linea,3
etichetta,3
acces,3
baq60,3
wifi,3
c819,3
secure,3
cooler,3
c9200,3
c9300l,3
plan,3
be,3
labgruppen,3
sp532p,3
embedded,3
tablet,3
srg,3
angolari,3
trav,3
gestione,3
soundbar,3
tessera,3
w,3
spacelogic,3
toll,3
scarico,3
disco,3
backup,3
9500,3
950w,3
pr2v,3
xsp,3
6600,3
6900,3
d8ps,3
appsec,3
ps,3
spa300,3
collaborative,3
1590,3
pool,3
cuwp,3
48v,3
gadget,3
se,3
antennas,3
1595,3
1575,3
3g,3
2821,3
cbd,3
project,3
cst,3
4g,3
chief,3
2811,3
civs,3
1555,3
panview,3
ddr4,3
mino6a,3
8800,3
100,3
pulizie,3
diffusori,3
management,3
dl320g5p,3
four,3
microfoni,3
r1,3
acti,3
bret,3
accoppiatori,3
invideo,3
docking,3
desktop,3
agl,3
fujifilm,3
dymo,3
acrobat,3
mgs400,3
cs,3
cfs,3
t,3
face,3
tandberg,3
fs18or18,3
opti,3
targus,3
tvone,3
hi,3
pann,3
39,3
0j,3
radeon,3
flexinstall,3
external,3
traversa,3
vesa,3
contatore,3
h05vv,3
praim,3
kiwi,3
dn470b,3
asta,3
fermo,3
magic,3
6,3
960gb,3
lente,3
lavagna,3
red,3
tappi,3
xendesktop,3
connecting,3
mt,3
ricarica,3
cartuccia,3
iec,3
speed,3
presenter,3
dali,3
sms,3
omnivista,3
integrazione,3
pole,3
480gb,3
superstack,3
dm12,3
assemblaggi,3
fornitura,3
canala,3
xconnect,3
2801,2
spl,2
spu400,2
hard,2
seghetto,2
prem,2
powersupply,2
tassa,2
prepaid,2
gancio,2
cat4500,2
uniflair,2
corso,2
consulenza,2
autom,2
640w,2
clmswitch,2
phoneview,2
pw7000,2
cb,2
config,2
premixer,2
sfp28,2
communication,2
teltonika,2
mdu,2
beyerdinamic,2
h07rn,2
110c,2
complete,2
annuity,2
right,2
pi,2
laser,2
7900,2
compliance,2
flussostato,2
pearl,2
intrusion,2
eps,2
1535,2
hewlett,2
third,2
netadvantage,2
dark,2
contatti,2
cve,2
codec,2
m20ap,2
screen,2
split,2
pl,2
handset,2
diamond,2
ss,2
1535w,2
1550w,2
trasduttore,2
mge,2
protection,2
16600,2
26000,2
utm,2
3100,2
3200,2
4200,2
5200,2
6200,2
6400,2
7000,2
9100,2
9200,2
patchrunner,2
pfpt,2
ampli,2
attivit,2
1841,2
articulating,2
sd,2
bullet,2
diff,2
ll,2
btnet,2
elevatore,2
multipack,2
super,2
i,2
c3560cx,2
ciscocatalyst,2
5545451,2
splash,2
fos,2
auth,2
c5016,2
c5026,2
centr,2
ultrium,2
scansoft,2
stativo,2
c8300,2
c8500l,2
pendant,2
huddle,2
ar,2
living,2
idrobox,2
torret,2
blister,2
ma,2
tc,2
onsite,2
fror,2
tasto,2
vanderbilt,2
desono,2
tessuto,2
bmp21,2
snc,2
rugged,2
100x60,2
intelligent,2
exmor,2
120gb,2
spiralite,2
leg,2
punta,2
hex,2
avvitatore,2
sm320tsn,2
passacavi,2
ciabatta,2
hd5450,2
digipass,2
file,2
49,2
rcs750,2
mc33,2
sfr,2
teo,2
alimen,2
rc532b,2
rc400b,2
ccaag,2
bamboo,2
aaa,2
winsvrcal,2
smartmount,2
035,2
omnipcx,2
conver,2
reattore,2
dynamics,2
qsfp40g,2
nec,2
mr16,2
cyber,2
cgr,2
sommer,2
panzone,2
color,2
r6408s,2
r6412s,2
valigetta,2
c9400,2
cat9300,2
c9500x,2
1500w,2
pen,2
std100,2
pfc,2
042,2
sacchetto,2
e1,2
shielded,2
yellow,2
pinze,2
1ru,2
giunto,2
rotolo,2
hnas,2
raymax,2
sb,2
cord,2
ixia,2
duracell,2
cartello,2
plaf,2
nw,2
ex60,2
winent,2
metal,2
guidacavo,2
verifica,2
consolidation,2
biz,2
asr1000,2
mult,2
attrezzo,2
pettine,2
fortinac,2
strisce,2
21,2
quick,2
mode,2
anemometro,2
tassello,2
batt,2
altoparlante,2
fsp,2
languard,2
py,2
penna,2
bravia,2
sam,2
minirele,2
fpr,2
fortipam,2
o,2
elettromagnete,2
linkiq,2
forticonverter,2
wago,2
fortisase,2
fortiwifi,2
generative,2
fortigslb,2
polycom,2
live,2
snort,2
fc29n,2
boxottico,2
li,2
labor,2
videowall,2
14,2
22,2
serranda,2
fhc9n,2
fhczo,2
nmc3,2
elem,2
slim,2
kaspersky,2
interventi,2
meliconi,2
modbus,2
inogeni,2
hds,2
cordial,2
terminal,2
pulitore,2
att,2
ssam,2
730,2
stonefax,2
cl3,2
ie4010,2
ds120,2
gefen,2
10gbe,2
gpu,2
secomp,2
256gb,2
omnissa,2
condizionamento,2
incom,2
ios,2
iot,2
precision,2
4x0,2
goccia,2
b,2
generi,2
j1,2
dvd,2
s5,2
module,2
100fx,2
kensington,2
v7,2
ca,2
oem,2
classic,2
isrwaas,2
wallbox,2
chiller,2
system,2
tole2uv,2
fru,2
expansion,2
selettore,2
telecamere,2
mse,2
fas2554,2
intpkg,2
e2812ha,2
dp,2
digitalmedia,2
m12l,2
montaggio,2
guardian,2
panel,2
dn572b,2
m13l,2
ds212c,2
testata,2
notes,2
estrattore,2
comunicatore,2
passacavo,2
contratto,2
fluke,2
nim,2
duo,2
interf,2
pid,2
2xnexus,2
pompa,2
e2800b,2
fissaggio,2
gravity,2
s3d,2
legacy,2
proiet,2
pex,2
oneri,2
exchgsvrent,2
cx,2
adatt,2
orbis,2
millenium,2
antumbra,2
dante,2
xbox,2
carpenteria,2
infrastructure,2
dummy,2
nx1,2
nilox,2
select,2
600gb,2
de224c,2
hitachi,2
digital,2
flexible,2
e2812,2
e2824,2
fas2520,2
qlogic,2
barr,2
capsula,2
atp,2
stamp,2
arduino,2
d,2
mig,2
airpods,2
link,2
radiomicrofono,2
c7600,2
iom12b,2
latitude,2
cablaggio,2
lightning,2
main,2
f5,2
autoavvolgente,2
servizi,2
adds,2
lobbyworks,2
13,2
appx,2
stand,2
ddr,2
anello,2
tg,2
sec,2
emulex,2
bachmann,2
kvm,2
mydev,2
auricolari,2
4u,2
e,2
ef280a,2
attacco,2
terminale,2
condensatore,2
g1,2
sidekick,2
ess,2
exchgsvrstd,2
f202,2
generatore,2
tastierino,2
nv,2
36mo,2
envision,2
ssa,2
inseritore,2
giravite,2
gigaset,2
sxs,2
acceptance,2
semi,2
estens,2
vaddio,2
express,2
as,2
end,2
einbauschiene,2
16gbddr4,2
rear,2
front,2
preci,2
1530,2
ar106v,2
abbonamento,2
2u,2
cat3750,2
valueline,2
matix,2
rp,2
testiera,2
anpr,2
wirnet,2
securetrack,2
ausiliario,2
esser,2
480,2
switched,2
scheduling,2
wattics,2
ucss,2
lifecam,2
netappsw,2
speechconnect,2
depth,2
sottoscrizione,2
microphone,2
cpu,2
atw,2
ssp,2
curtain,2
36,2
98,2
dx,2
eta,2
allied,2
pulsantiera,2
narrow,2
displayport,2
condensing,2
3504,2
tasse,2
beyerdynamic,2
1200w,2
forta,2
pipa,2
due,2
il,2
speedly,2
kc,2
pump,2
804,2
wm,2
nuc,2
500gb,2
dl320e,2
6ft,2
24g,2
hegela,2
aminet,2
asr1001,2
mk,2
mullion,2
cs44z3,2
sch,2
ak030,2
5ghz,2
driver,2
atem,2
toroide,2
trillo,2
bridge,2
automatic,2
11ac,2
ap1800,2
iiyama,2
swicth,2
venta,2
vg221f,2
thin,2
s3,2
mpoptimate,2
2100,2
revesible,2
dedicated,2
mellanox,2
vpod,2
micromodulo,2
accessories,2
portafusibile,2
m4215,2
aoc,2
optical,2
x,2
content,2
entw,2
235,2
360dpis,2
saldatore,2
appliance,2
murano,2
parete,2
zoom,2
apro82008pr,2
actilume,2
agile,2
vga,2
bruphny,2
cpp,2
torii,2
leak,2
3071,2
muffola,2
instapatch,2
sas,2
extron,2
zcs750,2
traverse,2
add,2
wt120c,2
viti,2
vz408,2
iid,2
8200,2
lemorele,2
neutrino,2
utenza,2
utenze,2
videocitofono,2
bloc,2
subs,2
events,2
bes,2
jabber,2
cisco2811,2
mace,2
hdtv,2
partnership,2
vx,2
cms,2
iczi,2
isolatore,2
xcellerate,2
dr,2
24x7,2
hba,2
vsprosubmsdn,2
workstation,2
et,2
edgeips,2
wired,2
huanuo,2
810,2
meeting,2
officestd,2
morsettiere,2
adaptor,1
ribbon,1
interfacce,1
o365edue1,1
migrate,1
mg350,1
transceiver,1
12w,1
ip65,1
doma45,1
prismaset,1
portatile,1
wls,1
ironport,1
mem2800,1
microcue3,1
mdu8,1
m,1
rettangolare,1
vwaas,1
marcatore,1
me,1
scatolada,1
vpc,1
aplificatore,1
5w,1
manutenzioni,1
powerlogic,1
thunderbolt,1
derivazione,1
mcp,1
metreau,1
20km,1
1000,1
prezzo,1
mtrj,1
disposable,1
trunk,1
messaggio,1
maschera,1
4000lm,1
36fm,1
titanium,1
quota,1
ddr2,1
solderless,1
mc,1
maxhub,1
mem,1
pm3210,1
vs,1
manageengine,1
multifiberpro,1
vuzix,1
oscilloscopio,1
vpceb3l9e,1
scanning,1
10gx,1
8prtpoe,1
4port,1
nicchia,1
it,1
nshield,1
chemicals,1
bmp21plus,1
nc3mxx,1
nc3fxx,1
v940d,1
vaschetta,1
varie,1
nexus9300w,1
n7k,1
spcn340,1
variscite,1
n53jf,1
aspiratore,1
let,1
bretellalc,1
port,1
reverse,1
dissipatore,1
breakout,1
enc,1
gala,1
thp,1
cf10,1
npc06szdb,1
netcon,1
mps100e,1
np900x3g,1
far,1
wrmt,1
spcp333,1
binario,1
nfx,1
forcepont,1
spcn342,1
spcw120,1
119p2cat5,1
wrptr,1
nodo,1
communications,1
spcw101,1
nmf1,1
nm,1
identitymgrcal,1
reversed,1
mz140,1
posizionamento,1
sviluppo,1
includes,1
stima,1
cleaning,1
homepod,1
traverso,1
mp300,1
ds18b20,1
24p,1
vg311f,1
p8600,1
bretellaottica,1
004,1
stazione,1
deviatore,1
analog,1
temporizzatore,1
vision3,1
aluminum,1
vivolink,1
pff,1
pri,1
epad,1
190x,1
forno,1
multiconnect,1
tanberg,1
tasca,1
ricetrasmettitore,1
mac,1
airtag,1
velcro20m10,1
mvp,1
lamiera,1
xtra,1
wide,1
rsonline,1
ft,1
tras,1
cornica,1
branch,1
bus,1
analogue,1
coupler,1
tandber,1
binary,1
telaio,1
multitouch,1
push,1
mh,1
8470w,1
eagate,1
topaz,1
chiusura,1
hp2620,1
rocurve,1
anelli,1
microsoftoffice365businessopen,1
nbd,1
spezzone,1
7x24,1
x0527n20w,1
cf,1
x0527n21w,1
x0527p04w,1
ref,1
ciscoisr,1
kitmessa,1
internal,1
do1495,1
cellulare,1
isa,1
sportello,1
ir800,1
emettitore,1
card,1
e350,1
829,1
100gb,1
ir1100,1
motech,1
512mx64,1
isast,1
vce,1
cooling,1
fbii,1
snodi,1
infrarosso,1
dc7800,1
kirk,1
cat6509,1
tmmkiosk,1
kindle,1
break,1
6gb,1
adat16c,1
intercable,1
memorie,1
torrino,1
256mb,1
128mb,1
spp110,1
fe,1
vetrini,1
strumento,1
gigastack,1
catalyst6500,1
signal,1
cat6500,1
kin,1
netenforcer,1
iqsim,1
iono,1
clusternet,1
ie3105,1
queue,1
caricabatt,1
visione,1
billy,1
linkproof,1
luxmetro,1
ef,1
bianca,1
da,1
ifixit,1
ie5000,1
sedile,1
quarkzman,1
call,1
np17,1
np2,1
np7,1
yashi,1
zaino,1
idp,1
energy,1
zd421,1
blinded,1
idav,1
bonai,1
zrs700,1
blue,1
imballaggi,1
cluster,1
aac,1
rdvd,1
manufactruring,1
fotocellula,1
ericsson,1
shelf,1
cbl,1
pellicole,1
powershot,1
cabel,1
bdl,1
csf85b,1
exide,1
infissi,1
magicle,1
19v,1
inepo,1
ripetitori,1
tra812,1
netman202plus,1
imposta,1
utilizzare,1
n50xx,1
trino,1
pod,1
contact,1
adv,1
smartxcan,1
catalyst3650,1
1pt,1
mcl514md,1
m14l,1
walimled020,1
newline,1
wal,1
walimled100,1
robust,1
analitica,1
lithium,1
abbonamenti,1
discreet,1
qm98c,1
qm85r,1
85,1
wax,1
qb75c,1
qm65c,1
qm65b,1
ptp400,1
1tb,1
2tb,1
qe55t,1
qb55c,1
qm50b,1
qp105dx,1
microled,1
ie015a,1
ledwall,1
team,1
walim80w24v,1
rms,1
3185y,1
ppc,1
tetto,1
2pt,1
vx1000,1
econfigure,1
fascette,1
bitsensor,1
bianco,1
lockers,1
rate,1
locazione,1
affitto,1
viconnet,1
movi,1
centralizz,1
corecal,1
le2002x,1
multisite,1
aflhs,1
pak,1
sx80,1
merakimx64w,1
wyse,1
comp,1
walim,1
910504800887,1
lastpass,1
mypassport,1
wdimdali,1
powered,1
3560,1
woe2yr,1
preventive,1
pigtails,1
unidata,1
ciscotelepresence,1
bulk,1
rt0012,1
gfi,1
lake,1
scanjet,1
catalyst2960plus24,1
onsight,1
aires,1
ku210,1
value,1
scp110,1
533mhz,1
333mhz,1
kvr24s17s8,1
kingostn,1
catlyst2960,1
24gb,1
stilo,1
1066mhz,1
cat3560v2,1
aftm,1
multicolor,1
lgi,1
31ret,1
70,1
maniglia,1
nb,1
200mm,1
r,1
wgsc,1
sma,1
contenimento,1
wiha,1
lm35dz,1
ghiera,1
microinterruttore,1
sist,1
stark,1
condizion,1
stylo,1
protezioni,1
libelium,1
cerniere,1
portaetichette,1
wme,1
sure,1
busbar,1
qtp,1
mta,1
2yonsite,1
blm,1
existing,1
spck421,1
elitups,1
ui,1
sys,1
m3085,1
erp,1
indipendent,1
irmc,1
region,1
s160,1
screw,1
foglio,1
ripartitore,1
t730,1
lifebook,1
eco1003,1
a09,1
transferpact,1
rs730b,1
p1468,1
rog,1
ro11,1
vxl1w24,1
risco,1
coffe,1
lavori,1
ristrutturazione,1
tenable,1
demo,1
tb,1
wiegand,1
b5,1
sdav0351a,1
sdav0251a,1
do,1
1024mb,1
scritta,1
accessibilit,1
p1344,1
relay,1
sbbplayer,1
sbb,1
lon,1
player,1
signage,1
sending,1
sasr1khxk9,1
mp,1
saros,1
maniglie,1
pxt,1
prx,1
ipx,1
wiengand,1
building,1
timescale,1
serrature,1
cellurare,1
tq3902,1
ao,1
belimo,1
winsvrextconn,1
lsi,1
assortimento,1
tesirafort,1
alcool,1
quadri,1
quaderno,1
testa,1
corpo,1
aliment,1
sensori,1
tcse,1
armad,1
riga,1
23u,1
datalogic,1
time,1
nottolino,1
molla,1
400g,1
tinteggiatura,1
prod,1
o365proplusopen,1
guanto,1
o365e3open,1
q1951,1
45u,1
termometro,1
exchonlnprotectionopen,1
visioproforo365open,1
lto,1
connessione,1
riduttore,1
avr,1
r6410s,1
r6304s,1
thermal,1
label,1
grounding,1
flessometro,1
middle,1
19in,1
monacor,1
odc,1
comfee,1
alimentartore,1
tu6004,1
xiaomi,1
rc415b,1
omnistat2,1
rbr,1
rcdm,1
stffa,1
rampa,1
rails,1
tu6003,1
codizionatore,1
cpaxssetto,1
netowork,1
bombola,1
azores,1
videoconvertitore,1
supplemento,1
2nd,1
medium,1
dmx,1
rapid,1
accentic,1
starter,1
welcome,1
telec,1
norstone,1
sm721n,1
designer,1
galaxys23,1
dataplatform,1
lh55mebplgc,1
smld220z,1
smile,1
kroll,1
enchd,1
e1920n,1
17,1
smartdome,1
smaltimento,1
installabile,1
std,1
q1686,1
venitem,1
export,1
mfc,1
ssg,1
100mbps,1
x25,1
concurrent,1
arracuda,1
scanmailfor,1
t8154,1
tp4601,1
strain,1
sqf,1
st320t,1
ddos,1
espansione8in,1
tp1602,1
antintrusione,1
24vdc,1
rf,1
spc,1
clearsee,1
p3747,1
sp530p,1
backfeed,1
direna,1
marathon,1
fabricpool,1
deception,1
solidfire,1
spaces,1
z1,1
advisory,1
sg58xxa,1
sg5812,1
sg57xx,1
sg5712,1
activetwinax,1
offerte,1
stealthwatch,1
z4,1
ox,1
csb,1
carrellino,1
splunk,1
cifs,1
itec,1
serv,1
serena,1
d6210,1
p3275,1
iscsi,1
swss,1
microsdhc,1
commercial,1
snaprestore,1
sge2010p,1
12g50,1
taglierina,1
sh531mf011it,1
sm206bw,1
f2105,1
sm2033sw,1
slimline,1
slacklline,1
slackline,1
kdl,1
balun,1
sviluppi,1
azure,1
renew,1
xdr,1
portaferretto,1
sisr1100uk9,1
p3738,1
spectrlaink,1
pasta,1
cxl2,1
secur,1
sic,1
mxa310b,1
attenuatore,1
shelly,1
steelhead,1
giunt,1
peaktech,1
xappo,1
spck420,1
110p4cat5,1
32gbddr4,1
agreement,1
3061,1
1024,1
p4x,1
p48803,1
rds,1
dc,1
dl360,1
stackable,1
dl36x,1
bsic,1
cap0331p,1
vdi,1
codice,1
megaraid,1
ova23331,1
otturatore,1
ot,1
120,1
lteom,1
converged,1
valuecla60,1
recessed,1
corning,1
fl,1
110dw2,1
16gbddr42400mhzrdimm,1
iaas,1
1010,1
pix515e,1
m6,1
friction,1
perpetual,1
dvi,1
shipment,1
junction,1
water,1
pernottamento,1
piedistallo,1
microconnect,1
pdts,1
188ut1,1
cartucce,1
bigstream,1
aukey,1
18tb,1
400e,1
900gb,1
parcheggio,1
paragon,1
pivot,1
pc2,1
8tb,1
64gbddr4,1
elektroden,1
q3819,1
ucsc,1
tx6a,1
choose,1
nvr,1
m102smb,1
mrj,1
788h1,1
nuance,1
tripolina,1
ntopng,1
antincriv,1
c0450a,1
guide,1
cerpenteria,1
mlt10,1
ordering,1
7035,1
earthing,1
uv570e2,1
dado,1
ib44,1
nsyaefahlbsc,1
manopola,1
spc5330,1
spce652,1
sl510,1
spce452,1
interior,1
magewell,1
spinotto,1
nxos,1
nfr,1
fl2ep,1
ontrack,1
onesign,1
om55bhond,1
micron,1
110b3,1
steffa,1
otdr,1
cupola,1
cap,1
biquiti,1
detergente,1
oc,1
ultimate,1
astro,1
umb,1
119p2cat5f,1
lavorazione,1
dld,1
p1387,1
variante,1
m101smb,1
us,1
scaldiglia,1
ns,1
piantone,1
d914s,1
28,1
2x16,1
ssdtrascend,1
angled,1
pviq,1
amc,1
phoneviewenterprise,1
256,1
pvdm3,1
16channel,1
storejet,1
h03vvh2,1
alpha,1
pv1,1
pufy6x04wh,1
sps200core2duot7250,1
clark,1
proiett,1
tecraa9core2duot7500p,1
tecra,1
termostatato,1
aspire,1
pme,1
mxp,1
satellite,1
table,1
maxell,1
vpl,1
pw6000,1
trattamento,1
mercury,1
18w,1
pwrsply,1
m2035,1
65w,1
ie3000,1
480w,1
240w,1
alimentantore,1
instant,1
versatek,1
thinox4pc,1
tecnologia,1
tributary,1
750w,1
came,1
paging,1
tornello,1
touchdesigner,1
5mp,1
p1435,1
675w,1
40w,1
cisco3845,1
cisco2911,1
trasporto,1
2700w,1
pacchetto,1
pss,1
l1740,1
iniettore,1
c24,1
c18,1
patchrunner2,1
lifsize,1
pq,1
pr500,1
jb,1
c220m7,1
pellicola,1
esecuzione,1
mezzo,1
posti,1
ms100es,1
tvs,1
curva,1
q6315,1
pre,1
pmq,1
contingency,1
y,1
heatsink,1
cat4,1
pallit,1
c2x0m8,1
firemv,1
c2xx,1
premio,1
presidio,1
ente,1
f9111,1
lare,1
spl450,1
sistomat,1
mazzetta,1
xilica,1
black,1
an,1
spa200,1
copertura,1
p,1
apm8,1
distributore,1
lecteur,1
hu,1
dialog,1
2320,1
temperature,1
frontalino,1
sixteen,1
24u,1
preamplificatore,1
flexstorage,1
prezi,1
telefono,1
surveillance,1
170w,1
biamp,1
40x40,1
e645p1214,1
t98a16,1
e5620,1
tranciacavi,1
decodificatori,1
tmc,1
csp,1
parte,1
tfn,1
sdn3,1
niav,1
ntan,1
ang,1
ccn,1
sdm,1
megapixel,1
bluxcassa3,1
blux0103f30wcs,1
blux0101g17ncs,1
zainetto,1
bkmfw50network,1
fotocopiatrice,1
biometrico,1
nc523sfp,1
yoga,1
o365,1
soft,1
brand,1
5mt,1
fr2ohh2r,1
dt530,1
at,1
sandberg,1
tor,1
008u,1
edrn,1
wiring,1
divano,1
riello,1
mi,1
core,1
marcafilo,1
ce30,1
nav,1
ce25,1
stealth,1
travel,1
ccatalyst,1
c114,1
tasker,1
btdin,1
55ur762h9zc,1
iliving,1
torretta,1
interlink,1
baq24,1
extern,1
gola,1
bp896cw,1
join,1
boxed,1
host,1
isc,1
gfa,1
gdx,1
gsr,1
bookband,1
2bridb,1
082u,1
cavetto,1
photoshop,1
asc00020,1
atlona,1
hdbaset,1
65sm5kd,1
500m,1
divulgazione,1
authentication,1
anker,1
h221,1
secureid,1
av1911p312q04,1
predisposizione,1
digi,1
azimut,1
taa,1
repeater,1
centrecom,1
1000t,1
exacq,1
audiotechnica,1
rca,1
2p,1
2fe,1
192,1
ata191,1
191,1
csico,1
188,1
ata186,1
lavalier,1
microtransceiver,1
exponent,1
dmihome,1
4ksu,1
battiscopa,1
vt,1
thetag,1
audibax,1
acronis,1
battipalo,1
batteriala,1
pd3,1
3tb,1
multisync,1
giubbotto,1
bacnet,1
ilo,1
dritta,1
np13zl,1
eneloop,1
candeon,1
inateck,1
abakoo,1
sunshot,1
meofia,1
green,1
rampow,1
snowkids,1
avantree,1
iwavion,1
ravpower,1
prese,1
trust,1
cabbrix,1
canon,1
archetto,1
24x,1
vimo,1
c276,1
cartellino,1
cpr,1
y09842,1
caag,1
tera,1
8vj,1
cdb,1
lj,1
faceplate,1
laserjet,1
controdado,1
pressacavop,1
tubet,1
cena,1
infinet,1
6af50,1
client,1
cbtal1bl,1
cbs110,1
cb2,1
vda,1
passer,1
winvdaperdvc,1
cb4,1
rj10,1
neoprene,1
2x1,1
aggiorn,1
fg16orr16,1
catering,1
erico,1
cassette,1
capocorda,1
visio,1
dsktpschool,1
tf120,1
2851,1
cisco2901,1
3845,1
adsl,1
750,1
alienware,1
dalcnet,1
grasso,1
osr,1
gr,1
clux,1
tf55,1
tr36,1
tr,1
4870,1
2081,1
cisco1921,1
c1921,1
dl380,1
e5520,1
fusion,1
modifica,1
coltello,1
yber,1
128gb,1
metro,1
browser,1
livella,1
sega,1
trapano,1
rally,1
notification,1
case,1
cart,1
ciscoembedddwirlsscntrllronc9115axaccsspint,1
c8500,1
cisco881,1
vdsl2,1
c887va,1
cisco897,1
c9105axw,1
c9115axe,1
corner,1
ciscoembeddedwirelesscntrllronc9115axaccsspt,1
c9115axi,1
c9115ax,1
c9120ax,1
outlk,1
c9200cx,1
c8200l,1
c8200,1
backbox,1
chromated,1
c8000v,1
t98a17,1
cat6880,1
c5x25,1
c5x,1
vspro,1
c5212s,1
c5066,1
t98a18,1
setup,1
catalyst3k,1
c2n,1
2921,1
ctlyst9200l24,1
identikey,1
officejet,1
cei,1
calamita,1
s0002m,1
selt1ndg,1
female,1
united,1
italy,1
rps2300,1
t8120,1
460w,1
cisco12016,1
m12,1
kirlin,1
straight,1
pulse,1
japan,1
initialization,1
146gb,1
auxiliary,1
lavender,1
swedx,1
bussula,1
stp100,1
rubber,1
c9800,1
scd110,1
scsi,1
ciscocisco,1
mouser,1
amphenol,1
microcloud,1
assicurazione,1
66fx,1
spa,1
iil,1
acti9,1
ipc,1
iof,1
reflex,1
86,1
zbk,1
magnetotermico,1
quickigi,1
asr9000,1
c9700,1
cs510,1
iem2155,1
iem2455,1
vogel,1
md5b,1
md10a,1
2012,1
md20sr,1
a1215q24,1
arm,1
aggiunta,1
a1207q64,1
a1207q34,1
a1206q66,1
a1206q65,1
armadiox,1
h2000xl800xp1000,1
a1200q31,1
voyager,1
cappello,1
nfc,1
wh300,1
isw,1
piedini,1
pedana,1
duplicate,1
condensate,1
bottom,1
user,1
lavorwash,1
flooded,1
projonlnprofopen,1
microhdmi,1
sqlsvrstdccore,1
officeproplus,1
surge,1
monoporta,1
duct,1
roof,1
btrcc,1
humidity,1
compressor,1
isolation,1
pf3,1
eyv,1
eju,1
absol,1
ds,1
giubbini,1
ab1608,1
trasponder,1
transponder,1
cancellation,1
konica,1
smartlink,1
charge,1
a0200q43,1
a0200q42,1
a0200q31,1
dehnpatch,1
dr4208,1
fonemate,1
weather,1
uhf,1
cot30,1
cot50,1
loop,1
a0200q22,1
z87,1
playstation,1
bespeco,1
spider,1
rps,1
commutatore,1
dk4020,1
solar,1
v470,1
bluetooth,1
citofono,1
plasterboard,1
cordless,1
voip,1
walimled150,1
lri1663,1
lca8005,1
lavabo,1
stp200,1
stp50,1
alinp,1
tms031,1
tesiraforte,1
nedap,1
909,1
smc,1
transit,1
a0200q13,1
gn1221,1
cs34zc,1
gl2450,1
gl2250hm,1
e2220hd,1
o365bsnessessentials,1
cs44zb,1
domino,1
omnitouch,1
roboflip,1
meta,1
8d8k2aa,1
bronze,1
salviette,1
activation,1
combi,1
frl85,1
rd800,1
nano,1
psp1,1
al300,1
husb2,1
crono,1
al150,1
rdr,1
st160,1
trans,1
db3,1
xfp,1
tx,1
vsprowmsdn,1
hosted,1
rif,1
metered,1
struxureware,1
infrastruxure,1
emea,1
disaccoppiatore,1
1071,1
1050,1
traversi,1
slb,1
c6061a,1
poc,1
2000,1
apro6550bo,1
tronchesina,1
fix,1
alloggiamento,1
c3,1
ip67,1
lca8006,1
omnidirezionale,1
idropulitrice,1
puntatore,1
fibre,1
amchrmf2,1
montarbo,1
airmedia,1
optimized,1
allestimento,1
baystack,1
cse,1
7230,1
flange,1
winrmtdsktpsrvcsextconn,1
samnsung,1
app,1
shd100,1
ingaggio,1
arrow,1
ae,1
sintoamplificatore,1
dl380e,1
yale,1
8g,1
adata,1
uls,1
puretools,1
please,1
is2500,1
event,1
cercafase,1
libellium,1
generico,1
liquido,1
4tb,1
arag,1
ladder,1
rcb,1
combination,1
sliding,1
exchgentcalsrvcsforent,1
class6patch,1
hinged,1
verticale,1
toolless,1
winrmtdsktpsrvcs,1
winrmtdsktpsrvcssal,1
wcs,1
airserver,1
pwrinjector,1
aff8020,1
assembling,1
fc1142sr,1
squadrette,1
abacus,1
firewall,1
qfit,1
lazrspeed,1
s35,1
netappaff,1
a250acore,1
perm,1
netconn,1
760218529,1
cucilync,1
expresscard,1
epx,1
1573a,1
audac,1
6relay,1
advantech,1
cisco7606,1
mcp9808,1
adxl345,1
rondella,1
reggicavo,1
connettori,1
cellular,1
acs8000,1
3825,1
acrd101p,1
acqua,1
ea,1
education,1
360g2,1
multibrackets,1
1520,1
pwrsply100,1
strutt,1
350,1
5508,1
portapulsanti,1
serial,1
refurb,1
100ft,1
fitre,1
det,1
60,1
asset,1
atm,1
creative,1
fleximax,1
ucm,1
session,1
attendant,1
pennino,1
speak,1
75uh5f,1
1571004abk,1
premise,1
1091004sl,1
mgs500bh,1
600g2,1
f84it,1
c0451a,1
1592a,1
conditional,1
diris,1
prfilo,1
forticloud,1
fas2820a,1
fas3200ha,1
fas8200,1
fas8300,1
multimode,1
phoenix,1
fs,1
trasmettitori,1
rittal,1
fortiweb,1
raspberrypi,1
gxt611,1
fc1,1
fortitoken,1
copri,1
26060100,1
fas2720systemsc,1
boobrie,1
fas2650,1
fas2650a,1
store,1
fas2240a,1
fas2040a,1
fas2040,1
revolution,1
fapeb,1
pannellino,1
synoptics,1
forti,1
sd6sf1m,1
fortiantenna,1
fc2,1
crepuscolare,1
sig7710,1
f110g5,1
attivazione,1
3f,1
filtro,1
temp,1
rj11,1
fdd,1
superlux,1
pprloead,1
flexo,1
flir,1
termocamera,1
floorsight,1
indicatore,1
fanton,1
termorestringente,1
mpo,1
btdin100,1
hih8120,1
fg7oh2r,1
fg7or,1
4x,1
tenaglia,1
6x,1
hd2400pro,1
sz,1
fg16om16,1
vite,1
ruggedized,1
pistola,1
fengda,1
enables,1
sig7902,1
50um,1
1ch,1
eval,1
al1723f,1
v173,1
paper,1
fbs,1
hs,1
clipfix,1
ecomat,1
cr2025,1
rpi4,1
anywhereusb,1
kerlink,1
row,1
isapi,1
ewcsc,1
al1717f,1
al1717as,1
acaspm,1
site,1
vip,1
p0071,1
thinclient,1
p0111,1
3x,1
ent,1
enterp,1
nh1991,1
ec080,1
sn201,1
s202,1
electroline,1
sd202,1
usb2,1
refurbished,1
facc924,1
72,1
networks,1
os2,1
organizzatore,1
f92elb1b1snm003,1
f92elb1b1snm005,1
f92elb1lnsnm007,1
f92elsnlnsnm001,1
solid,1
f92elsnlnsnm002,1
f92elsnlnsnm005,1
f92elsnsnsnm002,1
f92elsnsnsnm003,1
f92elsnsnsnm005,1
sig7730,1
segnalazione,1
ergotron,1
ir,1
27in,1
sensor,1
daikin,1
art,1
f01836,1
versatip,1
essentials,1
wirestoem,1
dacomex,1
exertis,1
schmersal,1
iom12,1
protezione,1
bl,1
accelerate,1
40ge,1
copriplug,1
800,1
sculpt,1
emprom,1
110,1
quickfit,1
8300e,1
elitebook,1
20a00,1
ivo,1
tessere,1
portachiavi,1
incase,1
1080p,1
signo,1
rx,1
icron,1
tole2u,1
tole1u,1
cabledeconn,1
sharepointsvr,1
v330,1
wb,1
drum,1
chorus,1
coprioforo,1
chor,1
gf,1
avvolgicavo,1
quadretto,1
mrj21,1
gt,1
gst,1
he01se,1
postazione,1
gb,1
1y8x5,1
iclass,1
gige,1
3gwwan,1
4p10,1
yottacontrol,1
hyperx,1
hxdps001,1
termo,1
hx,1
supercap,1
800gb,1
trusted,1
icon,1
microsotrage,1
dispenser,1
portacartucce,1
huawei,1
hannspree,1
720,1
570103,1
exym4,1
eplc2u,1
luxometro,1
a234,1
component,1
english,1
lightpulse,1
crystal,1
banco,1
obiettivo,1
hyperfabric,1
elmo,1
skbasic,1
flusso,1
1117,1
223v5lhsb,1
patc,1
fts,1
optional,1
fw,1
fwd42pv1s,1
gwb,1
apice,1
duoblade,1
ed,1
om3,1
de4,1
cf50b,1
supuniversal,1
10gb,1
five,1
kopp,1
giuntatrice,1
ctr,1
splicechip24position,1
fis,1
themis,1
adaptec,1
fanless,1
ml,1
sqlsvrstd,1
tenda,1
winpro,1
formazione,1
forfg,1
forfc,1
ca75f,1
pas4025202,1
fy9ul77a005m025,1
gelati,1
edimax,1
gosignpro,1
gna,1
nuvi,1
f31,1
gmdm,1
vmw,1
gold,1
thinkbook,1
a5,1
ntw,1
geotech,1
synnex,1
caffe,1
sxa,1
fy9ul77a005m030,1
gds,1
groundingbusbar,1
s1,1
gartner,1
z,1
upg,1
rs485,1
om412,1
fyzul77x005m050,1
fyzul77x005m040,1
fyzul77x005m035,1
fyzul77x005m030,1
fyzul77x005m025,1
fyzul77x005m015,1
ec255,1
e219,1
elk4siem,1
cpro,1
harmonyendpoint,1
armony,1
dl140g3,1
cpp48hdwbly,1
cognipoint,1
pannelli,1
dl360g5,1
log,1
cpsb,1
eventia,1
1893,1
epiphan,1
ngfw,1
ngtp,1
including,1
x5130,1
ebs,1
limited,1
x5140,1
pulsossimetro,1
always,1
benda,1
schiuma,1
stumpfl,1
remium,1
co,1
ces,1
elite,1
leather,1
7921g,1
110p2gs5ft,1
dock,1
ng,1
vcs,1
compatible,1
3cr17258,1
sdl,1
partnerselect,1
drop,1
wire,1
flexpod,1
fas2220a,1
cpsm,1
oak,1
3c17300,1
learner,1
wheel,1
5500g,1
mcu,1
antenne,1
tipping,1
210e,1
pk,1
supporedge,1
8770,1
trial,1
2port,1
8762d,1
elearning,1
cros3602,1
10176,1
c13,1
35,1
30,1
liane,1
managed,1
pk10,1
ati,1
cpc3392,1
ciscoip,1
corsi,1
coterm,1
tast,1
stylus,1
ciscoucphone6941,1
7905g,1
7912g,1
9800,1
7914,1
7916,1
cisco7926g,1
caricabatteria,1
ciscounifiedip,1
8832,1
pennarello,1
sntc,1
connettivita,1
quote,1
quattro,1
u30,1
i30,1
packaged,1
rhel,1
comx,1
i60,1
p15,1
11,1
collaudo,1
codici,1
code,1
40ch,1
locking,1
slim12,1
applie,1
1595w5g,1
9700,1
9300,1
nc364t,1
6700,1
700,1
genelec,1
5600,1
5400,1
dokpav,1
qquantum,1
3600,1
secondary,1
16200,1
1600,1
1595r5g,1
klark,1
eos,1
1590w,1
adattaatore,1
blc,1
1570wlte,1
1570,1
1570r,1
15600,1
scaotla,1
distanziale,1
p212,1
showtec,1
bi,1
vfm,1
armada,1
java,1
esb20,1
etichettatori,1
profilato,1
duttek,1
33a00,1
dw2,1
dx168,1
mm,1
fotoconduttore,1
magnete,1
e2700a,1
e2700,1
e2712,1
e2712ha,1
e2800,1
e2824ha,1
dt8320as4,1
sesnore,1
hd3450,1
160gb,1
ds14mk2,1
250gb,1
vir,1
dsp03lcm06,1
unitech,1
domotec,1
estensore,1
nc1020,1
estrattatore,1
3mp,1
minidome,1
ds224c,1
vostro3550,1
ddr3,1
circuit,1
endeavour,1
eight,1
training,1
fee,1
rgb,1
com,1
ehwic,1
hspa,1
akg,1
combo,1
accelerometro,1
63a,1
portalamp,1
portafus,1
bd,1
sdk,1
mida,1
ef280ha,1
eexpense,1
encrypting,1
volumetrico,1
internet,1
fcc,1
rode,1
300,1
piastrina,1
receiver,1
logo,1
videoproiettore,1
wybebot,1
quadroelettrico,1
2mt,1
str,1
sps,1
hikvision,1
pavimento,1
seduta,1
rend,1
72gb,1
magicinfo,1
80gb,1
finger,1
visiopro,1
canoni,1
cyclades,1
datacolor,1
dbx,1
converter,1
exchgstdcal,1
intersight,1
exch,1
spray,1
cw9166d1,1
c9164i,1
contributo,1
nc380t,1
cvpn3005,1
analizzat,1
alcatel,1
koolertron,1
kramer,1
ehs64avfwe,1
sip,1
mid,1
composizione,1
touch10,1
suse,1
left,1
evoko,1
dcnm,1
valigia,1
100516,1
print,1
produzione,1
document,1
installation,1
36330001,1
hl10,1
acknowledge,1
dn571b,1
dn472b,1
stanley,1
rio,1
s12,1
pix32,1
dlt,1
devicelock,1
dynalite,1
distributori,1
distanziometro,1
disinfestazione,1
carter,1
batteia,1
d43,1
visual,1
trash,1
particolare,1
registratore,1
36gb,1
protector,1
de212c,1
g,1
slm,1
